Links,Title,Details,Ratings,Beds,Rate
,,,,,
https://www.airbnb.co.in/rooms/49463392?category_tag=Tag%3A8522&check_in=2022-11-11&check_out=2022-11-12&previous_page_section_name=1000,Home in Osage Beach,Iconic Glass Mansion - Huge Views - Best Location,4.92 (229),10 beds,"â‚¹44,262 per night, originally â‚¹90,650"
https://www.airbnb.co.in/rooms/42929273?category_tag=Tag%3A8186&check_in=2022-11-11&check_out=2022-11-12&previous_page_section_name=1000,Tiny home in Kane County,The Boundary Cabin 5,4.92 (229),1 bed,"â‚¹17,725 per night"
https://www.airbnb.co.in/rooms/35037553?category_tag=Tag%3A8186&check_in=2022-11-11&check_out=2022-11-12&previous_page_section_name=1000,Tiny home in Wisconsin Dells,Lagoon Tiny Home  #Natural Lagoon # Zoo,4.92 (229),2 beds,"â‚¹22,986 per night"
https://www.airbnb.co.in/rooms/18476808?category_tag=Tag%3A8174&check_in=2022-11-11&check_out=2022-11-12&previous_page_section_name=1000,Earthen home in Cameron,Experience Hogan by the River - Navajo Hogan,4.92 (229),2 single beds,"â‚¹20,276 per night"
https://www.airbnb.co.in/rooms/47138484?category_tag=Tag%3A5348&check_in=2022-11-11&check_out=2022-11-12&previous_page_section_name=1000,Cabin in Coram,Great Northern Cabin (New Hot Tub Installed!),4.92 (229),2 beds,"â‚¹11,901 per night, originally â‚¹20,268"
https://www.airbnb.co.in/rooms/43946664?category_tag=Tag%3A634&check_in=2022-11-11&check_out=2022-11-12&previous_page_section_name=1000,Tent in Holbrook,Starlight Tent Near Petrified Forest (1),4.92 (229),1 bed,"â‚¹6,219 per night"
https://www.airbnb.co.in/rooms/54002725?category_tag=Tag%3A8538&check_in=2022-11-11&check_out=2022-11-12&previous_page_section_name=1000,Private room in St. Marys,The Rhett & Scarlett Suite,4.92 (229),1 bed,"â‚¹14,741 per night"
https://www.airbnb.co.in/rooms/715848248732958341?category_tag=Tag%3A8662&check_in=2022-11-11&check_out=2022-11-12&previous_page_section_name=1000,Home in Tucson,The Sabino Canyon- No Bad Days Retreat,4.92 (229),8 beds,"â‚¹44,308 per night, originally â‚¹55,722"
https://www.airbnb.co.in/rooms/750128483855579222?check_in=2022-11-11&check_out=2022-11-12&previous_page_section_name=1000,Home in Boise,Mountain View Manor - home with sauna & gym!,4.92 (229),5 beds,"â‚¹15,254 per night, originally â‚¹18,147"
https://www.airbnb.co.in/rooms/53429421?category_tag=Tag%3A1073&check_in=2022-11-11&check_out=2022-11-12&previous_page_section_name=1000,Boat in Miami Beach,Back To The Future - Luxury Miami Yacht Hotel,4.92 (229),2 beds,"â‚¹41,719 per night, originally â‚¹85,994"
https://www.airbnb.co.in/rooms/50437848?category_tag=Tag%3A8538&check_in=2022-11-11&check_out=2022-11-12&previous_page_section_name=1000,Private room in Greenwich,â˜…Historic Getaway for Couplesâ˜…Walkableâ˜…Poolâ˜…,4.92 (229),1 bed,"â‚¹23,559 per night"
https://www.airbnb.co.in/rooms/13004096?category_tag=Tag%3A8526&check_in=2022-11-11&check_out=2022-11-12&previous_page_section_name=1000,Home in Malibu,Malibu Beach Home Best Kept Secret *private beach*,4.92 (229),2 beds,"â‚¹1,54,316 per night, originally â‚¹1,77,875"
https://www.airbnb.co.in/rooms/32124963?category_tag=Tag%3A8186&check_in=2022-11-11&check_out=2022-11-12&previous_page_section_name=1000,Cabin in Escalante,Cowboy Cabin 37,4.92 (229),3 beds,"â‚¹13,350 per night"
https://www.airbnb.co.in/rooms/724728953051983834?category_tag=Tag%3A8662&check_in=2022-11-11&check_out=2022-11-12&previous_page_section_name=1000,Hotel room in Bonham,The Sam Rayburn Suite at Four Winds,4.92 (229),1 bed,"â‚¹9,743 per night"
https://www.airbnb.co.in/rooms/552333659055770746?category_tag=Tag%3A8661&check_in=2022-11-11&check_out=2022-11-12&previous_page_section_name=1000,Cabin in Dunlap,NEW Adult/couples Themed 2 bedroom Treehouse Cabin,4.92 (229),2 beds,"â‚¹34,169 per night, originally â‚¹38,231"
https://www.airbnb.co.in/rooms/47715196?category_tag=Tag%3A8188&check_in=2022-11-11&check_out=2022-11-12&previous_page_section_name=1000,Guest house in Southern Pines,Storybook Tree House- 2 Mins to Local Breweries!,4.92 (229),2 beds,"â‚¹16,757 per night, originally â‚¹24,150"
https://www.airbnb.co.in/rooms/45272105?category_tag=Tag%3A8186&check_in=2022-11-11&check_out=2022-11-12&previous_page_section_name=1000,Tiny home in Eatonton,Romantic Firehouse Tiny House at Lake Oconee,4.92 (229),1 double bed,"â‚¹14,714 per night"
https://www.airbnb.co.in/rooms/28937731?category_tag=Tag%3A4104&check_in=2022-11-11&check_out=2022-11-12&previous_page_section_name=1000,Tiny home in Fall Creek,Off-Grid Inn - Unit 1,4.92 (229),1 queen bed,"â‚¹28,024 per night, originally â‚¹30,697"
https://www.airbnb.co.in/rooms/744981163135291537?category_tag=Tag%3A8662&check_in=2022-11-11&check_out=2022-11-12&previous_page_section_name=1000,Townhouse in Belgrade,Knight themed transformative 3bedroom townhouse,4.92 (229),4 beds,"â‚¹17,582 per night"
https://www.airbnb.co.in/rooms/671683856074088230?category_tag=Tag%3A634&check_in=2022-11-11&check_out=2022-11-12&previous_page_section_name=1000,Tent in Newport,Shab Sheik Glamping Tent & Outdoor Theater,4.92 (229),1 bed,"â‚¹11,090 per night"
https://www.airbnb.co.in/rooms/671683856074088230?category_tag=Tag%3A634&check_in=2022-11-11&check_out=2022-11-12&previous_page_section_name=1000,Tent in Newport,Shab Sheik Glamping Tent & Outdoor Theater,4.96 (113),1 bed,"â‚¹11,090 per night"
https://www.airbnb.co.in/rooms/48217164?category_tag=Tag%3A5348&check_in=2022-11-11&check_out=2022-11-12&previous_page_section_name=1000,Tiny home in Brinnon,Dosewallips Cozy Cabin in Gorgeous Valley,4.96 (113),1 double bed,"â‚¹8,943 per night, originally â‚¹11,787"
https://www.airbnb.co.in/rooms/673334820962696418?category_tag=Tag%3A8226&check_in=2022-11-11&check_out=2022-11-12&previous_page_section_name=1000,Cabin in Florissant,The Black Bear! The Cutest Off-Grid A-Frame!,4.96 (113),2 beds,"â‚¹13,022 per night, originally â‚¹15,865"
https://www.airbnb.co.in/rooms/661694085350756402?category_tag=Tag%3A8661&check_in=2022-11-11&check_out=2022-11-12&previous_page_section_name=1000,Apartment in Miami,Amazing Loft style 1 Bed with Water & City Views,4.96 (113),2 beds,"â‚¹19,596 per night, originally â‚¹29,832"
https://www.airbnb.co.in/rooms/48810768?category_tag=Tag%3A8174&check_in=2022-11-11&check_out=2022-11-12&previous_page_section_name=1000,Earthen home in Mancos,"La Casita, Quiet Retreat Getaway.",4.96 (113),1 queen bed,"â‚¹10,131 per night"
https://www.airbnb.co.in/rooms/749996363896705666?check_in=2022-11-11&check_out=2022-11-12&previous_page_section_name=1000,Home in Houston,"Spacious, gated 6Bed|4Bath sleeps up to 12!",4.96 (113),6 beds,"â‚¹35,898 per night"
https://www.airbnb.co.in/rooms/46714454?category_tag=Tag%3A789&check_in=2022-11-11&check_out=2022-11-12&previous_page_section_name=1000,Apartment in Whitethorn,"ðŸŒ…Gorgeous Oceanview, Shelter Cove, Oceanfront! ðŸŒŠ",4.96 (113),1 king bed,"â‚¹58,492 per night"
https://www.airbnb.co.in/rooms/53982670?category_tag=Tag%3A677&check_in=2022-11-11&check_out=2022-11-12&previous_page_section_name=1000,Home in Key West,Smooth Sailing- Waterfront Home with Heated Pool!,4.96 (113),7 beds,"â‚¹1,17,911 per night, originally â‚¹2,00,125"
https://www.airbnb.co.in/rooms/43622678?category_tag=Tag%3A634&check_in=2022-11-11&check_out=2022-11-12&previous_page_section_name=1000,Tent in  Cane Beds ,"Explorer's Escape, Glamping w/ AC, Private Shower",4.96 (113),1 queen bed,"â‚¹8,988 per night, originally â‚¹10,288"
https://www.airbnb.co.in/rooms/48861927?category_tag=Tag%3A789&check_in=2022-11-11&check_out=2022-11-12&previous_page_section_name=1000,Apartment in Myrtle Beach,"Stunning views, romantic direct beach oceanfront",4.96 (113),2 beds,"â‚¹12,196 per night"
https://www.airbnb.co.in/rooms/52938666?category_tag=Tag%3A8526&check_in=2022-11-11&check_out=2022-11-12&previous_page_section_name=1000,Apartment in Orange Beach,Incredible views of Perdido Pass,4.96 (113),6 beds,"â‚¹12,399 per night"
https://www.airbnb.co.in/rooms/46745929?category_tag=Tag%3A8661&check_in=2022-11-11&check_out=2022-11-12&previous_page_section_name=1000,Treehouse in Smyrna,Treehouse Escape on 5 Acres- TreeHausATL,4.96 (113),1 bed,"â‚¹34,059 per night"
https://www.airbnb.co.in/rooms/43769746?category_tag=Tag%3A8186&check_in=2022-11-11&check_out=2022-11-12&previous_page_section_name=1000,Tiny home in Littleton,Apple Tree Cottage Tiny Home,4.96 (113),1 queen bed,"â‚¹9,473 per night, originally â‚¹12,723"
https://www.airbnb.co.in/rooms/45721703?category_tag=Tag%3A8186&check_in=2022-11-11&check_out=2022-11-12&previous_page_section_name=1000,Tiny home in Beaver,Cozy Scenic Tiny House - Desert Views & Starlink,4.96 (113),2 beds,"â‚¹11,964 per night"
https://www.airbnb.co.in/rooms/27171275?category_tag=Tag%3A634&check_in=2022-11-11&check_out=2022-11-12&previous_page_section_name=1000,Tiny home in Saint Petersburg,Glamping in Style With this Unique Stay!,4.96 (113),1 queen bed,"â‚¹8,677 per night"
https://www.airbnb.co.in/rooms/44211767?category_tag=Tag%3A5348&check_in=2022-11-11&check_out=2022-11-12&previous_page_section_name=1000,Tiny home in Kane County,The Boundary Cabin 7,4.96 (113),1 bed,"â‚¹17,725 per night"
https://www.airbnb.co.in/rooms/749888700621711855?category_tag=Tag%3A8535&check_in=2022-11-11&check_out=2022-11-12&previous_page_section_name=1000,Villa in Miami,Luxury Modern Design District Villa With Pool,4.96 (113),6 beds,"â‚¹99,967 per night"
https://www.airbnb.co.in/rooms/43723789?category_tag=Tag%3A8159&check_in=2022-11-11&check_out=2022-11-12&previous_page_section_name=1000,Barn in Victor,"Peaceful Renovated Barn, Finger Lakes",4.96 (113),1 queen bed,"â‚¹14,943 per night, originally â‚¹16,974"
https://www.airbnb.co.in/rooms/50796987?category_tag=Tag%3A677&check_in=2022-11-11&check_out=2022-11-12&previous_page_section_name=1000,Villa in Malibu,Above the Clouds Estate-Malibu SunsetInfinity Pool,4.96 (113),6 beds,"â‚¹1,79,311 per night, originally â‚¹3,14,980"
https://www.airbnb.co.in/rooms/36198980?category_tag=Tag%3A5348&check_in=2022-11-11&check_out=2022-11-12&previous_page_section_name=1000,Home in Trinidad,Dream House in the Redwoods with hot tub and sauna,4.96 (113),7 beds,"â‚¹54,061 per night"
https://www.airbnb.co.in/rooms/42929183?category_tag=Tag%3A5348&check_in=2022-11-11&check_out=2022-11-12&previous_page_section_name=1000,Tiny home in Kane County,The Boundary Cabin 3,4.95 (359),1 bed,"â‚¹17,725 per night"
https://www.airbnb.co.in/rooms/26887718?category_tag=Tag%3A5348&check_in=2022-11-11&check_out=2022-11-12&previous_page_section_name=1000,Guest suite in Chesapeake,Sweet Suite!,4.95 (359),2 beds,"â‚¹17,632 per night"
https://www.airbnb.co.in/rooms/39556513?category_tag=Tag%3A8521&check_in=2022-11-11&check_out=2022-11-12&previous_page_section_name=1000,Holiday home in Los Angeles,Sprawling Private Luxury Villa in Bel Air,4.95 (359),7 beds,"â‚¹1,86,444 per night, originally â‚¹2,75,807"
https://www.airbnb.co.in/rooms/38193545?category_tag=Tag%3A8522&check_in=2022-11-11&check_out=2022-11-12&previous_page_section_name=1000,Home in Gun Barrel City,Epic view lakehouse with huge waterfront backyard!,4.95 (359),5 beds,"â‚¹25,246 per night, originally â‚¹38,082"
https://www.airbnb.co.in/rooms/49247622?category_tag=Tag%3A8522&check_in=2022-11-11&check_out=2022-11-12&previous_page_section_name=1000,Cabin in Stone Lake,"NEW Private Lodge on Long Lake! Sleeps 40+! 11,000",4.95 (359),41 beds,"â‚¹1,58,655 per night"
https://www.airbnb.co.in/rooms/48966375?category_tag=Tag%3A634&check_in=2022-11-11&check_out=2022-11-12&previous_page_section_name=1000,Farm stay in Joseph,Glamp at Wildland Gardens,4.95 (359),2 beds,"â‚¹4,621 per night, originally â‚¹5,109"
https://www.airbnb.co.in/rooms/42159540?category_tag=Tag%3A8102&check_in=2022-11-11&check_out=2022-11-12&previous_page_section_name=1000,Tiny home in Cave City,The Bear Wallow Bungalow - Cave Area location,4.95 (359),2 single beds,"â‚¹6,729 per night, originally â‚¹11,685"
https://www.airbnb.co.in/rooms/51630889?category_tag=Tag%3A8535&check_in=2022-11-11&check_out=2022-11-12&previous_page_section_name=1000,Apartment in Miami,JUST LISTED! Amazing Miami River&City Views,4.95 (359),3 beds,"â‚¹33,943 per night, originally â‚¹49,216"
https://www.airbnb.co.in/rooms/751305201468683842?category_tag=Tag%3A8662&check_in=2022-11-11&check_out=2022-11-12&previous_page_section_name=1000,Home in Naples,Beautiful Home in Naples with Huge  Private Pool!,4.95 (359),4 beds,"â‚¹22,185 per night"
https://www.airbnb.co.in/rooms/725859968998294443?category_tag=Tag%3A8662&check_in=2022-11-11&check_out=2022-11-12&previous_page_section_name=1000,Home in Taos,Downtown Taos 4-Bedroom Mountain Home,4.95 (359),7 beds,"â‚¹25,039 per night"
https://www.airbnb.co.in/rooms/45344293?category_tag=Tag%3A634&check_in=2022-11-11&check_out=2022-11-12&previous_page_section_name=1000,Tent in Conway,"Lil Bear tent @ Laurel Oaks Estate in Conway, S.C.",4.95 (359),1 queen bed,"â‚¹11,892 per night"
https://www.airbnb.co.in/rooms/51575510?category_tag=Tag%3A8661&check_in=2022-11-11&check_out=2022-11-12&previous_page_section_name=1000,Cabin in De Soto,The Driftless Cottage,4.95 (359),2 beds,"â‚¹14,590 per night, originally â‚¹17,717"
https://www.airbnb.co.in/rooms/42511353?category_tag=Tag%3A4104&check_in=2022-11-11&check_out=2022-11-12&previous_page_section_name=1000,Guest suite in Whitethorn,Retreat Overlooking Black Sands Beach,4.95 (359),1 queen bed,"â‚¹27,755 per night, originally â‚¹32,873"
https://www.airbnb.co.in/rooms/729560483667485057?category_tag=Tag%3A8522&check_in=2022-11-11&check_out=2022-11-12&previous_page_section_name=1000,Cottage in White Lake charter Township,Cozy Paradise by Oxbow lake!,4.95 (359),4 beds,"â‚¹26,929 per night"
https://www.airbnb.co.in/rooms/54174651?category_tag=Tag%3A8159&check_in=2022-11-11&check_out=2022-11-12&previous_page_section_name=1000,Barn in Ledbetter,Barn Loft at Horse Ranch,4.95 (359),1 queen bed,"â‚¹14,687 per night"
https://www.airbnb.co.in/rooms/37525138?category_tag=Tag%3A8661&check_in=2022-11-11&check_out=2022-11-12&previous_page_section_name=1000,Cabin in Mentone,TreeTopsâ€”Mentone cabin in the boulders,4.95 (359),2 double beds,"â‚¹9,067 per night, originally â‚¹13,047"
https://www.airbnb.co.in/rooms/27706609?category_tag=Tag%3A5348&check_in=2022-11-11&check_out=2022-11-12&previous_page_section_name=1000,Cabin in Gatlinburg,Insane Views GSMNP/Near DwTN Gatlinburg/Hot Tub,4.95 (359),1 queen bed,"â‚¹41,439 per night"
https://www.airbnb.co.in/rooms/20264975?category_tag=Tag%3A5366&check_in=2022-11-11&check_out=2022-11-12&previous_page_section_name=1000,Tent in Sanbornton,Scenic Rural Camp Site -New Glampshire,4.95 (359),1 double bed,"â‚¹11,662 per night, originally â‚¹13,287"
https://www.airbnb.co.in/rooms/736511808012047529?category_tag=Tag%3A8662&check_in=2022-11-11&check_out=2022-11-12&previous_page_section_name=1000,Villa in Houston,"4 Bedrooms Villa w/Fireplace , Patio & 2 backyards",4.95 (359),4 queen beds,"â‚¹48,109 per night"
https://www.airbnb.co.in/rooms/750592016299257092?category_tag=Tag%3A8535&check_in=2022-11-11&check_out=2022-11-12&previous_page_section_name=1000,Villa in Miami,Spacious 6-Bedroom Villa with Pool,4.95 (359),10 beds,"â‚¹30,279 per night"
https://www.airbnb.co.in/rooms/705877618589640510?category_tag=Tag%3A7765&check_in=2022-11-11&check_out=2022-11-12&previous_page_section_name=1000,Apartment in Steamboat Springs,Mountainside Sneak Trail Condo,4.95 (79),1 queen bed,"â‚¹8,563 per night"
https://www.airbnb.co.in/rooms/50346431?category_tag=Tag%3A8186&check_in=2022-11-11&check_out=2022-11-12&previous_page_section_name=1000,Tiny home in Colorado Springs,Peaceful Tiny Home in 5 Acre Country Setting,4.95 (79),1 bed,"â‚¹9,959 per night, originally â‚¹13,940"
https://www.airbnb.co.in/rooms/747897936648243856?category_tag=Tag%3A8662&check_in=2022-11-11&check_out=2022-11-12&previous_page_section_name=1000,Home in Yarmouth,Stunning Spacious Modern House - WALK to the Beach,4.95 (79),5 beds,"â‚¹25,379 per night"
https://www.airbnb.co.in/rooms/48805450?category_tag=Tag%3A8661&check_in=2022-11-11&check_out=2022-11-12&previous_page_section_name=1000,Tent in Cane Beds ,"Zion Glamping: Heat & Indoor Shower,Pancho's Villa",4.95 (79),1 queen bed,"â‚¹8,664 per night, originally â‚¹11,060"
https://www.airbnb.co.in/rooms/44072340?category_tag=Tag%3A8526&check_in=2022-11-11&check_out=2022-11-12&previous_page_section_name=1000,Apartment in Orange Beach,"Windward Pointe 801, end-unit, beacfront, sleeps 8",4.95 (79),3 beds,"â‚¹25,413 per night"
https://www.airbnb.co.in/rooms/720901502971981173?category_tag=Tag%3A8662&check_in=2022-11-11&check_out=2022-11-12&previous_page_section_name=1000,Cabin in Killington,The Wobbly Cabin: Charming 2 BR Killington Escape Minutes to the Resort,4.95 (79),5 beds,"â‚¹26,176 per night"
https://www.airbnb.co.in/rooms/33780675?category_tag=Tag%3A8102&check_in=2022-11-11&check_out=2022-11-12&previous_page_section_name=1000,Tiny home in Apple Valley,Heritage Tiny Home,4.95 (79),2 beds,"â‚¹11,406 per night"
https://www.airbnb.co.in/rooms/737247889387671100?category_tag=Tag%3A8662&check_in=2022-11-11&check_out=2022-11-12&previous_page_section_name=1000,Apartment in Kansas City,The Traveler - Walkable Westport Condo + Parking,4.95 (79),1 queen bed,"â‚¹9,213 per night"
https://www.airbnb.co.in/rooms/597697801700958661?category_tag=Tag%3A8522&check_in=2022-11-11&check_out=2022-11-12&previous_page_section_name=1000,Home in Williamsburg,ðŸŒº Beautifully Appointed Elk Lake View Home - Steps from the Lake,4.95 (79),3 beds,"â‚¹41,941 per night"
https://www.airbnb.co.in/rooms/746063225982322409?category_tag=Tag%3A8662&check_in=2022-11-11&check_out=2022-11-12&previous_page_section_name=1000,Home in West Hollywood,Los Angeles Oasis with a heated pool (90Â°) + SPA,4.95 (79),4 queen beds,"â‚¹1,51,642 per night, originally â‚¹1,84,122"
https://www.airbnb.co.in/rooms/35489251?category_tag=Tag%3A5348&check_in=2022-11-11&check_out=2022-11-12&previous_page_section_name=1000,Tiny home in Fairplay,â˜† Luxurious Tiny House â˜† Rocky Mountain Getaway,4.95 (79),1 queen bed,"â‚¹8,220 per night, originally â‚¹9,845"
https://www.airbnb.co.in/rooms/43753444?category_tag=Tag%3A7769&check_in=2022-11-11&check_out=2022-11-12&previous_page_section_name=1000,Flat in Malibu,SA Beach Suite #1 - Beachfront Apartment on Carbon Beach,4.95 (79),1 king bed,"â‚¹53,968 per night, originally â‚¹77,203"
https://www.airbnb.co.in/rooms/48551005?category_tag=Tag%3A8175&check_in=2022-11-11&check_out=2022-11-12&previous_page_section_name=1000,Guest suite in Hurricane,Zion Farm Stay! Sunsets & starry nights!,4.95 (79),2 beds,"â‚¹12,418 per night"
https://www.airbnb.co.in/rooms/600726661236911717?category_tag=Tag%3A677&check_in=2022-11-11&check_out=2022-11-12&previous_page_section_name=1000,Home in Fairview,"Secluded oasis in Asheville! GAME room, MOVIE theater, HOT tub âœ¯ 20 min to Biltmore!",4.95 (79),6 beds,"â‚¹43,238 per night, originally â‚¹85,239"
https://www.airbnb.co.in/rooms/52552439?category_tag=Tag%3A5348&check_in=2022-11-11&check_out=2022-11-12&previous_page_section_name=1000,Cabin in Garden Valley,Chapel Creek Cabin 23,4.95 (79),2 queen beds,"â‚¹11,120 per night"
https://www.airbnb.co.in/rooms/47512898?category_tag=Tag%3A789&check_in=2022-11-11&check_out=2022-11-12&previous_page_section_name=1000,Flat in Myrtle Beach,"10th Floor Oceanfront Studio w/ AC, Shared Pool/Hot Tub, WiFi",4.95 (79),1 bed,"â‚¹9,132 per night, originally â‚¹13,682"
https://www.airbnb.co.in/rooms/26099671?category_tag=Tag%3A8521&check_in=2022-11-11&check_out=2022-11-12&previous_page_section_name=1000,Home in Snohomish,Mountain View Estate at Deer Ridge. Enjoy nature!,4.95 (79),3 beds,"â‚¹34,501 per night"
https://www.airbnb.co.in/rooms/18041210?category_tag=Tag%3A7769&check_in=2022-11-11&check_out=2022-11-12&previous_page_section_name=1000,Flat in North Myrtle Beach,C3 - 3rd Floor Beachfront Condo,4.95 (79),5 beds,"â‚¹8,231 per night, originally â‚¹10,669"
https://www.airbnb.co.in/rooms/696660382707431342?category_tag=Tag%3A8192&check_in=2022-11-11&check_out=2022-11-12&previous_page_section_name=1000,Yurt in Summer Lake,Fenced 3 acres w/30â€™ YURT (horse/hunting/getaway),4.95 (79),10 beds,"â‚¹8,102 per night"
https://www.airbnb.co.in/rooms/715783660594031914?category_tag=Tag%3A8662&check_in=2022-11-11&check_out=2022-11-12&previous_page_section_name=1000,Cottage in Port Sanilac,Golf n Shores! Stunning 4bd w Great Views&Hot Tub!,4.95 (79),5 beds,"â‚¹32,997 per night, originally â‚¹39,415"
https://www.airbnb.co.in/rooms/696660382707431342?category_tag=Tag%3A8192&check_in=2022-11-11&check_out=2022-11-12&previous_page_section_name=1000,Yurt in Summer Lake,Fenced 3 acres w/30â€™ YURT (horse/hunting/getaway),New,10 beds,"â‚¹8,102 per night"
https://www.airbnb.co.in/rooms/715783660594031914?category_tag=Tag%3A8662&check_in=2022-11-11&check_out=2022-11-12&previous_page_section_name=1000,Cottage in Port Sanilac,Golf n Shores! Stunning 4bd w Great Views&Hot Tub!,New,5 beds,"â‚¹32,997 per night, originally â‚¹39,415"
https://www.airbnb.co.in/rooms/19379401?category_tag=Tag%3A8526&check_in=2022-11-11&check_out=2022-11-12&previous_page_section_name=1000,Hotel room in Laguna Beach,Laguna Beach Studio Next to the Sand 43,New,1 bed,"â‚¹13,953 per night"
https://www.airbnb.co.in/rooms/34335793?category_tag=Tag%3A634&check_in=2022-11-11&check_out=2022-11-12&previous_page_section_name=1000,Campervan/Motorhome in Williams,Stargazer! AC/Heat/Free Firewood+ice cream+sâ€™mores,New,3 beds,"â‚¹13,403 per night"
https://www.airbnb.co.in/rooms/40196069?category_tag=Tag%3A5348&check_in=2022-11-11&check_out=2022-11-12&previous_page_section_name=1000,Tiny home in Laurel Fork,Tiny Cabin w/ Sleeping Loft on Unique Farm,New,3 beds,"â‚¹5,572 per night"
https://www.airbnb.co.in/rooms/44033367?category_tag=Tag%3A5348&check_in=2022-11-11&check_out=2022-11-12&previous_page_section_name=1000,Cabin in Jefferson,Beautiful Log Cabin High In Colorado Mountains,New,4 beds,"â‚¹15,190 per night"
https://www.airbnb.co.in/rooms/52499733?category_tag=Tag%3A1073&check_in=2022-11-11&check_out=2022-11-12&previous_page_section_name=1000,Boat in Miami Beach,Luxurious 3 bedroom yacht Fontainebleau Hotel,New,4 beds,"â‚¹45,841 per night"
https://www.airbnb.co.in/rooms/742784653500116000?category_tag=Tag%3A8662&check_in=2022-11-11&check_out=2022-11-12&previous_page_section_name=1000,Home in Candler,"Sleeps 12 ~ Pool, Sauna, Gazebo, Hot Tub, 20 Minute to Downtown Asheville!",New,7 beds,"â‚¹72,432 per night"
https://www.airbnb.co.in/rooms/19657905?category_tag=Tag%3A8526&check_in=2022-11-11&check_out=2022-11-12&previous_page_section_name=1000,Resort in Myrtle Beach,"2 bed, 2 bath Oceanfront! -Ocean's One Resort 1806",New,4 beds,"â‚¹12,779 per night"
https://www.airbnb.co.in/rooms/721644904120978793?category_tag=Tag%3A8662&check_in=2022-11-11&check_out=2022-11-12&previous_page_section_name=1000,Farm stay in Clyde,"Private, relaxing 3 bedroom farmhouse",New,3 beds,"â‚¹17,001 per night, originally â‚¹19,940"
https://www.airbnb.co.in/rooms/39314316?category_tag=Tag%3A7765&check_in=2022-11-11&check_out=2022-11-12&previous_page_section_name=1000,Tiny home in Lakeside,The Kootenai at Stoner Creek Cabins,New,1 bed,"â‚¹15,429 per night, originally â‚¹17,054"
https://www.airbnb.co.in/rooms/563890336857372114?check_in=2022-11-11&check_out=2022-11-12&previous_page_section_name=1000,Flat in Glendale,Hollywood LUX Suite - with Mountain Views,New,2 queen beds,"â‚¹28,166 per night, originally â‚¹33,836"
https://www.airbnb.co.in/rooms/746357646164858965?category_tag=Tag%3A8662&check_in=2022-11-11&check_out=2022-11-12&previous_page_section_name=1000,Home in Bolivar Peninsula,"Exquisite ocean view home with balcony, central AC & washer/dryer",New,3 beds,"â‚¹27,102 per night"
https://www.airbnb.co.in/rooms/740651066708124813?category_tag=Tag%3A8662&check_in=2022-11-11&check_out=2022-11-12&previous_page_section_name=1000,Home in Apopka,Private Oasis near Springs w/ King Bd + Pool Table,New,5 beds,"â‚¹48,805 per night"
https://www.airbnb.co.in/rooms/623771459415992122?category_tag=Tag%3A5348&check_in=2022-11-11&check_out=2022-11-12&previous_page_section_name=1000,Cabin in Saint Charles,Cozy Cabin With a View of Bear Lake,New,8 beds,"â‚¹21,012 per night, originally â‚¹27,511"
https://www.airbnb.co.in/rooms/51016078?category_tag=Tag%3A8148&check_in=2022-11-11&check_out=2022-11-12&previous_page_section_name=1000,Home in Port Angeles,"Mountain View A-Frame w/ Private Hot Tub, Firepit, Fireplace, Large Lawn & WiFi!",New,2 beds,"â‚¹25,315 per night"
https://www.airbnb.co.in/rooms/46329474?category_tag=Tag%3A5348&check_in=2022-11-11&check_out=2022-11-12&previous_page_section_name=1000,Home in Remsen,"Idlewild...our home, your playground",New,3 beds,"â‚¹34,742 per night"
https://www.airbnb.co.in/rooms/684197387716105657?category_tag=Tag%3A634&check_in=2022-11-11&check_out=2022-11-12&previous_page_section_name=1000,Yurt in Damascus,Cadron Creek Yurt,New,1 bed,"â‚¹5,562 per night"
https://www.airbnb.co.in/rooms/22878855?category_tag=Tag%3A789&check_in=2022-11-11&check_out=2022-11-12&previous_page_section_name=1000,Flat in Miami Beach,Seacoast Suites Deluxe 2 Bedroom Master Suite,New,3 beds,"â‚¹38,844 per night, originally â‚¹50,218"
https://www.airbnb.co.in/rooms/25368691?category_tag=Tag%3A634&check_in=2022-11-11&check_out=2022-11-12&previous_page_section_name=1000,Tent in Morrison,The Blue Bell,New,1 queen bed,"â‚¹7,875 per night"
https://www.airbnb.co.in/rooms/570953871125793503?category_tag=Tag%3A634&check_in=2022-11-11&check_out=2022-11-12&previous_page_section_name=1000,Yurt in Alpine,Glamping near Big Bend - Stay at the Desert Star,4.98 (46),1 bed,"â‚¹2,503 per night, originally â‚¹4,291"
https://www.airbnb.co.in/rooms/26914188?category_tag=Tag%3A4104&check_in=2022-11-11&check_out=2022-11-12&previous_page_section_name=1000,Guest suite in Fountain,â™¥ï¸ŽRomantic Retreatâ™¥ï¸ŽBoutique Apt/Hot tub/Fire Pit,4.98 (46),2 beds,"â‚¹13,918 per night"
https://www.airbnb.co.in/rooms/25179210?category_tag=Tag%3A5348&check_in=2022-11-11&check_out=2022-11-12&previous_page_section_name=1000,Cabin in Cle Elum,Vintage Dog-Friendly Riverfront Cabin with Covered Deck - Lake Nearby,4.98 (46),5 beds,"â‚¹35,718 per night"
https://www.airbnb.co.in/rooms/31122613?category_tag=Tag%3A5348&check_in=2022-11-11&check_out=2022-11-12&previous_page_section_name=1000,Private room in Jackson,Double Queen Bunk Bed Log Cabin,4.98 (46),3 beds,"â‚¹11,130 per night"
https://www.airbnb.co.in/rooms/17031561?category_tag=Tag%3A8102&check_in=2022-11-11&check_out=2022-11-12&previous_page_section_name=1000,Home in Joshua Tree,The Clever Rabbit Joshua Tree - Park West Entrance,4.98 (46),1 king bed,"â‚¹22,434 per night"
https://www.airbnb.co.in/rooms/720263670886094484?category_tag=Tag%3A8662&check_in=2022-11-11&check_out=2022-11-12&previous_page_section_name=1000,Cabin in Hyde Park,Serene Country Cabins 5 in the heart of Vermont,4.98 (46),3 beds,"â‚¹13,787 per night"
https://www.airbnb.co.in/rooms/732544206335848480?category_tag=Tag%3A8662&check_in=2022-11-11&check_out=2022-11-12&previous_page_section_name=1000,Home in Palm Bay,New Exclusive Spacious Pool Home,4.98 (46),3 beds,"â‚¹18,580 per night"
https://www.airbnb.co.in/rooms/737565356119131459?category_tag=Tag%3A8662&check_in=2022-11-11&check_out=2022-11-12&previous_page_section_name=1000,Home in Spokane,Family Friendly | Quiet Neighborhood | 5m Downtown,4.98 (46),5 beds,"â‚¹24,955 per night"
https://www.airbnb.co.in/rooms/725217857156659727?category_tag=Tag%3A8662&check_in=2022-11-11&check_out=2022-11-12&previous_page_section_name=1000,Home in Marble Falls,Waterfront | Boat And Jet Ski Slips | Pet Friendly,4.98 (46),7 beds,"â‚¹45,460 per night"
https://www.airbnb.co.in/rooms/45067996?category_tag=Tag%3A5348&check_in=2022-11-11&check_out=2022-11-12&previous_page_section_name=1000,Cabin in Burnside,Garland Bend Cabin 0.5 miles to boat ramp,4.98 (46),3 beds,"â‚¹14,595 per night"
https://www.airbnb.co.in/rooms/45326209?category_tag=Tag%3A8144&check_in=2022-11-11&check_out=2022-11-12&previous_page_section_name=1000,Apartment in Belgrade,Bozone Studio Near Gallatin River 3A,4.98 (46),2 beds,"â‚¹11,424 per night, originally â‚¹13,861"
https://www.airbnb.co.in/rooms/705301784525307754?category_tag=Tag%3A7765&check_in=2022-11-11&check_out=2022-11-12&previous_page_section_name=1000,Home in Granby,Colorado's Coolest Ski In/Out Home,4.98 (46),7 beds,"â‚¹82,573 per night"
https://www.airbnb.co.in/rooms/742924793324444294?category_tag=Tag%3A8102&check_in=2022-11-11&check_out=2022-11-12&previous_page_section_name=1000,Villa in Joshua Tree,Desert Star,4.98 (46),3 beds,"â‚¹39,665 per night, originally â‚¹47,789"
https://www.airbnb.co.in/rooms/17809400?category_tag=Tag%3A8661&check_in=2022-11-11&check_out=2022-11-12&previous_page_section_name=1000,Home in Kansas City,Enjoy Nature at Modern Farmhouse Close to City,4.98 (46),3 beds,"â‚¹18,382 per night"
https://www.airbnb.co.in/rooms/597797849594818010?category_tag=Tag%3A8662&check_in=2022-11-11&check_out=2022-11-12&previous_page_section_name=1000,Tiny home in Stanton,4Guys Tiny Cabin / 3mi to Natural Bridge,4.98 (46),3 beds,"â‚¹11,699 per night"
https://www.airbnb.co.in/rooms/17813563?category_tag=Tag%3A5348&check_in=2022-11-11&check_out=2022-11-12&previous_page_section_name=1000,Guest house in Alamosa,Lucky Little Dog,4.98 (46),1 queen bed,"â‚¹12,524 per night"
https://www.airbnb.co.in/rooms/4430533?category_tag=Tag%3A5348&check_in=2022-11-11&check_out=2022-11-12&previous_page_section_name=1000,Cabin in Big Bear Lake,Checkout our midweek specials! 1-3 nights. Pets ok,4.98 (46),3 beds,"â‚¹24,185 per night, originally â‚¹34,340"
https://www.airbnb.co.in/rooms/640033799612295408?category_tag=Tag%3A8661&check_in=2022-11-11&check_out=2022-11-12&previous_page_section_name=1000,Villa in Deerfield Beach,Waterfront 6BR| Heated Pool Jacuzzi Close To Beach,4.98 (46),10 beds,"â‚¹1,15,958 per night"
https://www.airbnb.co.in/rooms/746613109813709231?category_tag=Tag%3A8535&check_in=2022-11-11&check_out=2022-11-12&previous_page_section_name=1000,Home in Los Angeles,A Windsor Hills Retreat,4.98 (46),3 beds,"â‚¹30,107 per night"
https://www.airbnb.co.in/rooms/48243190?category_tag=Tag%3A5348&check_in=2022-11-11&check_out=2022-11-12&previous_page_section_name=1000,Cabin in Condon,"""Back Roads, Solitude,  Private Cabin with views!""",4.98 (46),4 beds,"â‚¹33,417 per night"
https://www.airbnb.co.in/rooms/734272571473372534?category_tag=Tag%3A677&check_in=2022-11-11&check_out=2022-11-12&previous_page_section_name=1000,Flat in Houston,Cozy Mid-Town 2 bdrm w/ FREE Parking + Pool | Gym,4.74 (136),5 beds,"â‚¹13,486 per night, originally â‚¹17,711"
https://www.airbnb.co.in/rooms/23061182?category_tag=Tag%3A634&check_in=2022-11-11&check_out=2022-11-12&previous_page_section_name=1000,Tent in Hildale,King Tent at Zion View Camping,4.74 (136),1 king bed,"â‚¹8,074 per night, originally â‚¹17,010"
https://www.airbnb.co.in/rooms/42249280?category_tag=Tag%3A5348&check_in=2022-11-11&check_out=2022-11-12&previous_page_section_name=1000,Cabin in Pagosa Springs,Cozy Cabin Mountain View Retreat-Sauna/Pool Table,4.74 (136),5 beds,"â‚¹33,293 per night"
https://www.airbnb.co.in/rooms/49930932?category_tag=Tag%3A5348&check_in=2022-11-11&check_out=2022-11-12&previous_page_section_name=1000,Flat in Libby,Montana Peaks Retreat -  Inspiring Mountain Views,4.74 (136),3 beds,"â‚¹13,138 per night"
https://www.airbnb.co.in/rooms/746370705119458374?category_tag=Tag%3A8662&check_in=2022-11-11&check_out=2022-11-12&previous_page_section_name=1000,Villa in Richmond,Hidden Lake Pablo Mansion,4.74 (136),4 beds,"â‚¹1,11,250 per night, originally â‚¹1,35,622"
https://www.airbnb.co.in/rooms/720962898432737926?category_tag=Tag%3A8662&check_in=2022-11-11&check_out=2022-11-12&previous_page_section_name=1000,Villa in Houston,Cheerful private 3 bedroom home and swimming pool,4.74 (136),4 beds,"â‚¹26,850 per night, originally â‚¹30,669"
https://www.airbnb.co.in/rooms/709552419515884701?category_tag=Tag%3A8226&check_in=2022-11-11&check_out=2022-11-12&previous_page_section_name=1000,Private room in Dell City,Razinâ€™ Ruckus (Tiny Cabin @TheGuadCampground),4.74 (136),1 queen bed,"â‚¹7,329 per night"
https://www.airbnb.co.in/rooms/718280391275264013?category_tag=Tag%3A8662&check_in=2022-11-11&check_out=2022-11-12&previous_page_section_name=1000,Home in Irving,"Luxury Home w/ Volleyball, Golf, & Sports",4.74 (136),8 beds,"â‚¹39,148 per night, originally â‚¹47,272"
https://www.airbnb.co.in/rooms/48977909?category_tag=Tag%3A8186&check_in=2022-11-11&check_out=2022-11-12&previous_page_section_name=1000,Tiny home in Fairview,Canyon Road Cabin,4.74 (136),1 queen bed,"â‚¹7,588 per night"
https://www.airbnb.co.in/rooms/744874950234685555?category_tag=Tag%3A677&check_in=2022-11-11&check_out=2022-11-12&previous_page_section_name=1000,Flat in Hollywood,Waves on Desoto 1- bedroom rental unit with pool,4.74 (136),2 beds,"â‚¹17,388 per night"
https://www.airbnb.co.in/rooms/46637903?category_tag=Tag%3A5348&check_in=2022-11-11&check_out=2022-11-12&previous_page_section_name=1000,Private room in Paige,Kampina No 3 + Pool at Serana - Austin TX Retreat,4.74 (136),1 queen bed,"â‚¹12,617 per night"
https://www.airbnb.co.in/rooms/44811662?category_tag=Tag%3A5366&check_in=2022-11-11&check_out=2022-11-12&previous_page_section_name=1000,Home in Big Bear,Designer cabin w sauna & hot tub right by Bear Mtn,4.74 (136),7 beds,"â‚¹64,681 per night, originally â‚¹79,629"
https://www.airbnb.co.in/rooms/752825895249948114?category_tag=Tag%3A8535&check_in=2022-11-11&check_out=2022-11-12&previous_page_section_name=1000,Apartment in Miami,Lovely 1 bedroom with nice view in Miami - Cameron,4.74 (136),1 bed,"â‚¹24,046 per night"
https://www.airbnb.co.in/rooms/4258401?category_tag=Tag%3A8661&check_in=2022-11-11&check_out=2022-11-12&previous_page_section_name=1000,Private room in Snowmass Village,Ski Country Chalet Room 1 | Free Shuttle to Resort,4.74 (136),3 beds,"â‚¹12,475 per night"
https://www.airbnb.co.in/rooms/721519651109046331?category_tag=Tag%3A8662&check_in=2022-11-11&check_out=2022-11-12&previous_page_section_name=1000,Home in Hot Springs,"Hot Springs, Lake Hamilton right on the the lake!",4.74 (136),7 beds,"â‚¹34,799 per night"
https://www.airbnb.co.in/rooms/648638381495871187?category_tag=Tag%3A7769&check_in=2022-11-11&check_out=2022-11-12&previous_page_section_name=1000,Holiday home in Galveston,Beautiful Beach Home with Ocean Views,4.74 (136),8 beds,"â‚¹16,725 per night, originally â‚¹26,149"
https://www.airbnb.co.in/rooms/723920301539915657?category_tag=Tag%3A8661&check_in=2022-11-11&check_out=2022-11-12&previous_page_section_name=1000,Home in Grant Township,*Unmatched Lake Superior views Beach or Ski resort,4.74 (136),6 beds,"â‚¹15,420 per night, originally â‚¹22,000"
https://www.airbnb.co.in/rooms/46335407?category_tag=Tag%3A8661&check_in=2022-11-11&check_out=2022-11-12&previous_page_section_name=1000,Cabin in Blairsville,Private Mountain Creek Cabin in National Forest,4.74 (136),6 beds,"â‚¹29,015 per night, originally â‚¹33,280"
https://www.airbnb.co.in/rooms/49793921?category_tag=Tag%3A677&check_in=2022-11-11&check_out=2022-11-12&previous_page_section_name=1000,Home in Rowlett,"â˜…Luxury & Comfy ~5min to Lake, Game Room, Pool&Spa",4.74 (136),14 beds,"â‚¹31,739 per night, originally â‚¹83,935"
https://www.airbnb.co.in/rooms/46335407?category_tag=Tag%3A8661&check_in=2022-11-11&check_out=2022-11-12&previous_page_section_name=1000,Cabin in Blairsville,Private Mountain Creek Cabin in National Forest,4.87 (53),6 beds,"â‚¹29,015 per night, originally â‚¹33,280"
https://www.airbnb.co.in/rooms/49793921?category_tag=Tag%3A677&check_in=2022-11-11&check_out=2022-11-12&previous_page_section_name=1000,Home in Rowlett,"â˜…Luxury & Comfy ~5min to Lake, Game Room, Pool&Spa",4.87 (53),14 beds,"â‚¹31,739 per night, originally â‚¹83,935"
https://www.airbnb.co.in/rooms/17343978?category_tag=Tag%3A4104&check_in=2022-11-11&check_out=2022-11-12&previous_page_section_name=1000,Private room in Hauppauge,My Happy Place,4.87 (53),1 queen bed,"â‚¹9,179 per night, originally â‚¹10,885"
https://www.airbnb.co.in/rooms/43487602?category_tag=Tag%3A5348&check_in=2022-11-11&check_out=2022-11-12&previous_page_section_name=1000,Home in Breckenridge,Stunning Colorado cabin w/ private hot tub & free WiFi - close to ski resorts!,4.87 (53),5 beds,"â‚¹27,027 per night, originally â‚¹44,494"
https://www.airbnb.co.in/rooms/670297528781620567?category_tag=Tag%3A7765&check_in=2022-11-11&check_out=2022-11-12&previous_page_section_name=1000,Cabin in Big Bear Lake,Skyline Big Bear Cabin and Getaway!,4.87 (53),6 beds,"â‚¹31,402 per night, originally â‚¹39,924"
https://www.airbnb.co.in/rooms/36731055?category_tag=Tag%3A4104&check_in=2022-11-11&check_out=2022-11-12&previous_page_section_name=1000,Cottage in Spring City,"Three Cedars Cottage in Spring City, UT",4.87 (53),4 beds,"â‚¹9,130 per night, originally â‚¹11,811"
https://www.airbnb.co.in/rooms/749333276368859664?category_tag=Tag%3A8662&check_in=2022-11-11&check_out=2022-11-12&previous_page_section_name=1000,Home in Bakersfield,Stunning Mid-Century 3-Bedroom Home with Pool,4.87 (53),3 king beds,"â‚¹23,687 per night"
https://www.airbnb.co.in/rooms/29284106?category_tag=Tag%3A5348&check_in=2022-11-11&check_out=2022-11-12&previous_page_section_name=1000,Cabin in Davis,"Log Cabin by the Woods, Creek, Mountains, Hot Tub",4.87 (53),7 beds,"â‚¹23,432 per night, originally â‚¹29,184"
https://www.airbnb.co.in/rooms/612440726680355961?category_tag=Tag%3A8521&check_in=2022-11-11&check_out=2022-11-12&previous_page_section_name=1000,Home in Carmel Valley,Mountain Paradise,4.87 (53),4 beds,"â‚¹55,468 per night, originally â‚¹99,662"
https://www.airbnb.co.in/rooms/40842065?category_tag=Tag%3A7765&check_in=2022-11-11&check_out=2022-11-12&previous_page_section_name=1000,Home in Ramsay,Cozy House w/Gar - Ski/Hike/Ride,4.87 (53),4 beds,"â‚¹9,637 per night, originally â‚¹11,749"
https://www.airbnb.co.in/rooms/752417731658534720?category_tag=Tag%3A8662&check_in=2022-11-11&check_out=2022-11-12&previous_page_section_name=1000,Villa in Hollywood,Incredible Villa |Pool+Fire Pit| Terrace+PingPong,4.87 (53),6 beds,"â‚¹78,374 per night, originally â‚¹94,664"
https://www.airbnb.co.in/rooms/23807678?category_tag=Tag%3A8535&check_in=2022-11-11&check_out=2022-11-12&previous_page_section_name=1000,Flat in Miami,OceanFront Penthouse @ Icon Brickell,4.87 (53),2 beds,"â‚¹48,620 per night, originally â‚¹76,713"
https://www.airbnb.co.in/rooms/30928158?category_tag=Tag%3A8159&check_in=2022-11-11&check_out=2022-11-12&previous_page_section_name=1000,Barn in Kerens,Alphin's Red Barn,4.87 (53),1 double bed,"â‚¹13,907 per night"
https://www.airbnb.co.in/rooms/26357615?category_tag=Tag%3A5348&check_in=2022-11-11&check_out=2022-11-12&previous_page_section_name=1000,Tiny home in Cookeville,Wildvine Homestead / Cozy Cabin,4.87 (53),4 bunk beds,"â‚¹11,589 per night"
https://www.airbnb.co.in/rooms/739633414558022539?category_tag=Tag%3A8662&check_in=2022-11-11&check_out=2022-11-12&previous_page_section_name=1000,Home in Apple Creek,"New! Monet Gardens,",4.87 (53),8 beds,"â‚¹60,354 per night"
https://www.airbnb.co.in/rooms/749972357639187836?category_tag=Tag%3A8662&check_in=2022-11-11&check_out=2022-11-12&previous_page_section_name=1000,Hotel room in South Lake Tahoe,Charming 1 bedroom hotel,4.87 (53),1 bed,"â‚¹22,747 per night"
https://www.airbnb.co.in/rooms/666591272096507297?category_tag=Tag%3A8522&check_in=2022-11-11&check_out=2022-11-12&previous_page_section_name=1000,Home in Bayview,Boats â€˜N Rows~ Silverwood Schweitzer Triple Play,4.87 (53),2 beds,"â‚¹24,898 per night"
https://www.airbnb.co.in/rooms/703784437497556685?category_tag=Tag%3A8522&check_in=2022-11-11&check_out=2022-11-12&previous_page_section_name=1000,Cabin in Nisswa,Snowmobile the Paul Bunyan Trail and ice fishing!,4.87 (53),3 beds,"â‚¹25,471 per night, originally â‚¹31,564"
https://www.airbnb.co.in/rooms/50176305?category_tag=Tag%3A789&check_in=2022-11-11&check_out=2022-11-12&previous_page_section_name=1000,Flat in Panama City Beach,Discover Panama City Beach from this cozy condo w/ shared pools & fitness center,4.87 (53),2 queen beds,"â‚¹12,550 per night, originally â‚¹22,217"
https://www.airbnb.co.in/rooms/50176305?category_tag=Tag%3A789&check_in=2022-11-11&check_out=2022-11-12&previous_page_section_name=1000,Flat in Panama City Beach,Discover Panama City Beach from this cozy condo w/ shared pools & fitness center,5.0 (5),2 queen beds,"â‚¹12,550 per night, originally â‚¹22,217"
https://www.airbnb.co.in/rooms/729044284688117501?category_tag=Tag%3A8662&check_in=2022-11-11&check_out=2022-11-12&previous_page_section_name=1000,Home in Colorado Springs,"NEW! Welcoming, Spacious, Convenient Colorado Home",5.0 (5),5 beds,"â‚¹9,650 per night, originally â‚¹13,143"
https://www.airbnb.co.in/rooms/746348146191952837?category_tag=Tag%3A677&check_in=2022-11-11&check_out=2022-11-12&previous_page_section_name=1000,Home in San Antonio,La CanterA Big & Charming Pool House 6Beds King/Qn,5.0 (5),6 beds,"â‚¹30,465 per night"
https://www.airbnb.co.in/rooms/43442816?category_tag=Tag%3A8175&check_in=2022-11-11&check_out=2022-11-12&previous_page_section_name=1000,Guest suite in Felt,Country style guest house,5.0 (5),2 beds,"â‚¹12,162 per night"
https://www.airbnb.co.in/rooms/732526978947836206?category_tag=Tag%3A8662&check_in=2022-11-11&check_out=2022-11-12&previous_page_section_name=1000,Home in Santa Rosa Beach,{Seacrets} New Listing | Private Pool | Gourmet Kitchen | DOGS OK!,5.0 (5),12 beds,"â‚¹77,970 per night"
https://www.airbnb.co.in/rooms/19309931?category_tag=Tag%3A8526&check_in=2022-11-11&check_out=2022-11-12&previous_page_section_name=1000,Apartment in Panama City Beach,"Gulf-Front Home with Views, Beach Access, & Shared Pool - Snowbirds Welcome",5.0 (5),3 beds,"â‚¹10,813 per night, originally â‚¹15,687"
https://www.airbnb.co.in/rooms/44391982?category_tag=Tag%3A8538&check_in=2022-11-11&check_out=2022-11-12&previous_page_section_name=1000,Private room in Humboldt,Luxury Suite at Magnolia Manor B&B (Magnolia),5.0 (5),1 king bed,"â‚¹21,447 per night"
https://www.airbnb.co.in/rooms/46581914?category_tag=Tag%3A8159&check_in=2022-11-11&check_out=2022-11-12&previous_page_section_name=1000,Tiny home in Joseph,Little Red Barn at Wildland Gardens,5.0 (5),4 beds,"â‚¹3,915 per night, originally â‚¹5,458"
https://www.airbnb.co.in/rooms/44431270?category_tag=Tag%3A8174&check_in=2022-11-11&check_out=2022-11-12&previous_page_section_name=1000,Cabin in Carson,"Romantic adobe, river retreat with outdoor tubs.",5.0 (5),3 beds,"â‚¹22,580 per night, originally â‚¹32,735"
https://www.airbnb.co.in/rooms/39513548?check_in=2022-11-11&check_out=2022-11-12&previous_page_section_name=1000,Home in Corona,Beautiful Pastoral home in South Corona,5.0 (5),5 beds,"â‚¹28,936 per night"
https://www.airbnb.co.in/rooms/26606550?category_tag=Tag%3A5348&check_in=2022-11-11&check_out=2022-11-12&previous_page_section_name=1000,Cabin in Onekama,The Architect's Lake Cabin on Portage Point,5.0 (5),4 beds,"â‚¹15,887 per night"
https://www.airbnb.co.in/rooms/44211854?category_tag=Tag%3A5348&check_in=2022-11-11&check_out=2022-11-12&previous_page_section_name=1000,Tiny home in Kane County,The Boundary Cabin 9,5.0 (5),1 bed,"â‚¹17,725 per night"
https://www.airbnb.co.in/rooms/39807584?category_tag=Tag%3A8186&check_in=2022-11-11&check_out=2022-11-12&previous_page_section_name=1000,Guest house in Elizabethtown,Cottage in the ADK.,5.0 (5),1 double bed,"â‚¹11,589 per night"
https://www.airbnb.co.in/rooms/14994075?category_tag=Tag%3A5348&check_in=2022-11-11&check_out=2022-11-12&previous_page_section_name=1000,Tiny home in Forks,"Cozy Yet Spacious, Tiny House on Tires",5.0 (5),1 queen bed,"â‚¹11,579 per night, originally â‚¹14,326"
https://www.airbnb.co.in/rooms/38411161?category_tag=Tag%3A5348&check_in=2022-11-11&check_out=2022-11-12&previous_page_section_name=1000,Cabin in Belfast,Cozy Cabin Downtown Belfast- 1 block to ocean,5.0 (5),4 beds,"â‚¹17,101 per night, originally â‚¹27,744"
https://www.airbnb.co.in/rooms/727016367946465875?category_tag=Tag%3A8144&check_in=2022-11-11&check_out=2022-11-12&previous_page_section_name=1000,Home in Glenbrook,Luxe3 historic harrahs 5 diamond 280 degree luxury lake tahoe 08402215,5.0 (5),4 beds,"â‚¹4,38,106 per night"
https://www.airbnb.co.in/rooms/37485724?category_tag=Tag%3A5348&check_in=2022-11-11&check_out=2022-11-12&previous_page_section_name=1000,Tiny home in Marianna,Live Simply Entire Tiny House/Shed conversion,5.0 (5),1 double bed,"â‚¹7,695 per night"
https://www.airbnb.co.in/rooms/52778775?category_tag=Tag%3A8144&check_in=2022-11-11&check_out=2022-11-12&previous_page_section_name=1000,Home in Mercer,Luxurious retreat for body&soul/king suite/hot tub,5.0 (5),4 beds,"â‚¹40,018 per night, originally â‚¹62,481"
https://www.airbnb.co.in/rooms/36066714?category_tag=Tag%3A8661&check_in=2022-11-11&check_out=2022-11-12&previous_page_section_name=1000,Cabin in Yosemite National Park,A Blue Sky Lodge,5.0 (5),3 beds,"â‚¹33,595 per night, originally â‚¹39,688"
https://www.airbnb.co.in/rooms/741447062726803995?check_in=2022-11-11&check_out=2022-11-12&previous_page_section_name=1000,Flat in Durham,Colorful Calming Condo in Downtown Durham,5.0 (5),2 beds,"â‚¹6,337 per night"
https://www.airbnb.co.in/rooms/2170640?category_tag=Tag%3A8175&check_in=2022-11-11&check_out=2022-11-12&previous_page_section_name=1000,Farm stay in Londonderry,Bent Apple Farmhouse - Beautiful Authentic Vermont,New,7 beds,"â‚¹1,04,850 per night, originally â‚¹1,21,098"
https://www.airbnb.co.in/rooms/750311043088678858?check_in=2022-11-11&check_out=2022-11-12&previous_page_section_name=1000,Shared room in Tacoma,Lovely Remodeled 1BR in DT Tacoma 1mi to Dome - 6,New,1 bed,"â‚¹8,030 per night, originally â‚¹9,639"
https://www.airbnb.co.in/rooms/601129453574370681?category_tag=Tag%3A8661&check_in=2022-11-11&check_out=2022-11-12&previous_page_section_name=1000,Villa in Tahoe Vista,Lx22 Lake Tahoe north shore 4 bed cabin with hot tub & great wifi 7 beds,New,7 beds,"â‚¹93,438 per night"
https://www.airbnb.co.in/rooms/10910055?category_tag=Tag%3A5348&check_in=2022-11-11&check_out=2022-11-12&previous_page_section_name=1000,Cabin in Cosby,Momma Bear Cabin w/ secluded site,New,3 beds,"â‚¹4,172 per night"
https://www.airbnb.co.in/rooms/49028742?category_tag=Tag%3A8661&check_in=2022-11-11&check_out=2022-11-12&previous_page_section_name=1000,Home in Pagosa Springs,"4 Kings Lodge @ ""The Views"" Hot Tub/ Pets /3 acres",New,5 beds,"â‚¹53,856 per night"
https://www.airbnb.co.in/rooms/34113560?category_tag=Tag%3A8526&check_in=2022-11-11&check_out=2022-11-12&previous_page_section_name=1000,Apartment in Panama City Beach,Breathtaking Beach Gulf View Condo/sleeps 8,New,5 beds,"â‚¹13,065 per night, originally â‚¹19,971"
https://www.airbnb.co.in/rooms/45594089?category_tag=Tag%3A8186&check_in=2022-11-11&check_out=2022-11-12&previous_page_section_name=1000,Cabin in Vilas,The Bitterroot Barn,New,3 beds,"â‚¹17,089 per night, originally â‚¹19,932"
https://www.airbnb.co.in/rooms/46376755?category_tag=Tag%3A677&check_in=2022-11-11&check_out=2022-11-12&previous_page_section_name=1000,Home in Rowlett,High End 5br Bright and sunny Open Space House,New,11 beds,"â‚¹23,951 per night, originally â‚¹60,305"
https://www.airbnb.co.in/rooms/581142601015870122?category_tag=Tag%3A8662&check_in=2022-11-11&check_out=2022-11-12&previous_page_section_name=1000,Home in Youngstown,This Must Be The Place Guesthouse - 5 Bedrooms,New,6 beds,"â‚¹41,845 per night"
https://www.airbnb.co.in/rooms/38698657?category_tag=Tag%3A8102&check_in=2022-11-11&check_out=2022-11-12&previous_page_section_name=1000,Cabin in Custer,Black Elk Peak Cabin | Minutes from Attractions!,New,3 beds,"â‚¹19,949 per night"
https://www.airbnb.co.in/rooms/33087983?category_tag=Tag%3A8186&check_in=2022-11-11&check_out=2022-11-12&previous_page_section_name=1000,Place to stay in Branford,Great Glamping Cabin (3) with AC,New,1 double bed,"â‚¹6,093 per night"
https://www.airbnb.co.in/rooms/49236070?category_tag=Tag%3A5348&check_in=2022-11-11&check_out=2022-11-12&previous_page_section_name=1000,Cottage in Morganton,Charming Lake Blue Ridge Cottage - Newly renovated,New,2 beds,"â‚¹31,851 per night"
https://www.airbnb.co.in/rooms/46813476?category_tag=Tag%3A8186&check_in=2022-11-11&check_out=2022-11-12&previous_page_section_name=1000,Tiny home in New Augusta,The Sheepherder's Wagon at Fulmer's Farmstead,New,1 double bed,"â‚¹10,427 per night"
https://www.airbnb.co.in/rooms/41347560?category_tag=Tag%3A5348&check_in=2022-11-11&check_out=2022-11-12&previous_page_section_name=1000,Tiny home in Cape Girardeau,Little Blue Cottage,New,1 queen bed,"â‚¹6,604 per night"
https://www.airbnb.co.in/rooms/13878134?category_tag=Tag%3A8175&check_in=2022-11-11&check_out=2022-11-12&previous_page_section_name=1000,Cabin in Carbondale,3Br 2 Bth + Skatepark at Ten Peaks Ranch  nr Aspen,New,3 beds,"â‚¹18,382 per night, originally â‚¹20,088"
https://www.airbnb.co.in/rooms/730567769996255477?category_tag=Tag%3A8662&check_in=2022-11-11&check_out=2022-11-12&previous_page_section_name=1000,Home in Santa Ana,Dream Home l City Skyline View l Close to Newport,New,4 beds,"â‚¹53,845 per night"
https://www.airbnb.co.in/rooms/26166800?category_tag=Tag%3A5348&check_in=2022-11-11&check_out=2022-11-12&previous_page_section_name=1000,Chalet in Thompsonville,Crystal Mountain Cabin Get Away,New,4 beds,"â‚¹14,441 per night, originally â‚¹39,500"
https://www.airbnb.co.in/rooms/24268714?category_tag=Tag%3A8102&check_in=2022-11-11&check_out=2022-11-12&previous_page_section_name=1000,Cabin in Island Park,Bear Trail Cabin,New,10 beds,"â‚¹59,065 per night"
https://www.airbnb.co.in/rooms/24621795?category_tag=Tag%3A8186&check_in=2022-11-11&check_out=2022-11-12&previous_page_section_name=1000,Private room in Rexburg,The HUMMINGBIRD birdhouse cabin,New,1 bed,"â‚¹5,328 per night"
https://www.airbnb.co.in/rooms/733325523193836481?category_tag=Tag%3A8662&check_in=2022-11-11&check_out=2022-11-12&previous_page_section_name=1000,Home in Hattiesburg,The Brady Bunch House: 6 Bedrooms / 4 Bathrooms,New,6 beds,"â‚¹33,073 per night"
https://www.airbnb.co.in/rooms/752301570161144057?category_tag=Tag%3A7765&check_in=2022-11-11&check_out=2022-11-12&previous_page_section_name=1000,Flat in Hudson,Lovely 2 Bedroom Unit Close to National Park,New,3 beds,"â‚¹13,953 per night, originally â‚¹16,797"
https://www.airbnb.co.in/rooms/36913772?category_tag=Tag%3A8186&check_in=2022-11-11&check_out=2022-11-12&previous_page_section_name=1000,Tiny home in Island Park,"""Tiny House"" Cabin, Sleeps Four Near Yellowstone",New,1 queen bed,"â‚¹13,814 per night, originally â‚¹15,438"
https://www.airbnb.co.in/rooms/51822107?category_tag=Tag%3A8144&check_in=2022-11-11&check_out=2022-11-12&previous_page_section_name=1000,Private room in Traverse City,208 Corner Queen Lake View @ The Gold Coast Inn,New,1 queen bed,"â‚¹11,087 per night, originally â‚¹16,449"
https://www.airbnb.co.in/rooms/26060101?category_tag=Tag%3A8102&check_in=2022-11-11&check_out=2022-11-12&previous_page_section_name=1000,Chalet in Island Park,Single Cabin Unit #2,New,2 queen beds,"â‚¹8,339 per night, originally â‚¹10,614"
https://www.airbnb.co.in/rooms/22932936?category_tag=Tag%3A8186&check_in=2022-11-11&check_out=2022-11-12&previous_page_section_name=1000,Cabin in Kalkaska,Buck Lodge at â€œThe Blue Buck Cabins and RV Campâ€,New,4 beds,"â‚¹10,418 per night"
https://www.airbnb.co.in/rooms/14374412?category_tag=Tag%3A5348&check_in=2022-11-11&check_out=2022-11-12&previous_page_section_name=1000,Cabin in Naples,East Hill Cabins #3,New,2 beds,"â‚¹6,490 per night"
https://www.airbnb.co.in/rooms/35259995?category_tag=Tag%3A8538&check_in=2022-11-11&check_out=2022-11-12&previous_page_section_name=1000,Hotel room in San Antonio,LONDONDERRY SUITE AT Oâ€™CASEYS BOUTIQUE INN,New,2 beds,"â‚¹15,804 per night"
https://www.airbnb.co.in/rooms/27727536?category_tag=Tag%3A789&check_in=2022-11-11&check_out=2022-11-12&previous_page_section_name=1000,Apartment in Gulf Shores,"Spacious and inviting seaside condo with shared pools, hot tub, sauna",New,4 beds,"â‚¹13,280 per night, originally â‚¹20,185"
https://www.airbnb.co.in/rooms/24057168?category_tag=Tag%3A5348&check_in=2022-11-11&check_out=2022-11-12&previous_page_section_name=1000,Private room in Gallatin Gateway,Old Karst Cabin,New,1 queen bed,"â‚¹11,125 per night"
https://www.airbnb.co.in/rooms/50553334?category_tag=Tag%3A4104&check_in=2022-11-11&check_out=2022-11-12&previous_page_section_name=1000,Farm stay in Swan Valley,Private Farmhouse on over 200 Acres,New,9 beds,"â‚¹29,210 per night"
https://www.airbnb.co.in/rooms/721056983238596594?category_tag=Tag%3A8535&check_in=2022-11-11&check_out=2022-11-12&previous_page_section_name=1000,Townhouse in Miami,CASA HOYA - Lovely 1 BR Suite in Miami!,New,2 beds,"â‚¹10,669 per night"
https://www.airbnb.co.in/rooms/42308079?category_tag=Tag%3A677&check_in=2022-11-11&check_out=2022-11-12&previous_page_section_name=1000,Home in Roxbury,"Tophet Pool Barn, PoshPadsCT BBQ, Hike, Bike, Ski",New,2 beds,"â‚¹1,13,567 per night"
https://www.airbnb.co.in/rooms/617374958773472890?category_tag=Tag%3A677&check_in=2022-11-11&check_out=2022-11-12&previous_page_section_name=1000,Home in Las Vegas,Cheerful 5 bdms 7 bds  house Strips and Convention,New,7 beds,"â‚¹90,366 per night"
https://www.airbnb.co.in/rooms/32270686?category_tag=Tag%3A8662&check_in=2022-11-11&check_out=2022-11-12&previous_page_section_name=1000,Guest suite in Aubrey,Spacious Stylish Private 2 Floor Suite w/ Kitchen,New,2 beds,"â‚¹10,139 per night"
https://www.airbnb.co.in/rooms/18971596?category_tag=Tag%3A8148&check_in=2022-11-11&check_out=2022-11-12&previous_page_section_name=1000,Cabin in Spurr Township,Baraga County Beaufort Lake Cabin,New,5 beds,"â‚¹14,590 per night"
https://www.airbnb.co.in/rooms/50189006?category_tag=Tag%3A8144&check_in=2022-11-11&check_out=2022-11-12&previous_page_section_name=1000,Home in Lake George,"Walk to town/lake access â€œLa Lune""",New,3 beds,"â‚¹21,652 per night, originally â‚¹24,739"
https://www.airbnb.co.in/rooms/13003555?category_tag=Tag%3A7769&check_in=2022-11-11&check_out=2022-11-12&previous_page_section_name=1000,Home in Malibu,Malibu Beach House Getaway on Private Beach,New,1 king bed,"â‚¹1,55,621 per night, originally â‚¹1,67,400"
https://www.airbnb.co.in/rooms/27722242?category_tag=Tag%3A5348&check_in=2022-11-11&check_out=2022-11-12&previous_page_section_name=1000,Chalet in Klamath Falls,Running Y Resort Getaway: All amenities included!,New,3 queen beds,"â‚¹17,371 per night"
https://www.airbnb.co.in/rooms/730561935261410224?category_tag=Tag%3A4104&check_in=2022-11-11&check_out=2022-11-12&previous_page_section_name=1000,Home in Mariposa,Moonrise by The Great Yosemite Retreat,New,3 beds,"â‚¹15,741 per night"
https://www.airbnb.co.in/rooms/27722242?category_tag=Tag%3A5348&check_in=2022-11-11&check_out=2022-11-12&previous_page_section_name=1000,Chalet in Klamath Falls,Running Y Resort Getaway: All amenities included!,New,3 queen beds,"â‚¹17,371 per night"
https://www.airbnb.co.in/rooms/730561935261410224?category_tag=Tag%3A4104&check_in=2022-11-11&check_out=2022-11-12&previous_page_section_name=1000,Home in Mariposa,Moonrise by The Great Yosemite Retreat,New,3 beds,"â‚¹15,741 per night"
https://www.airbnb.co.in/rooms/565068749657105710?category_tag=Tag%3A5366&check_in=2022-11-11&check_out=2022-11-12&previous_page_section_name=1000,Private room in Ironwood,Unique cozy ski cabin in the Northwoods,New,1 queen bed,"â‚¹6,484 per night, originally â‚¹11,460"
https://www.airbnb.co.in/rooms/751802991153964895?category_tag=Tag%3A8526&check_in=2022-11-11&check_out=2022-11-12&previous_page_section_name=1000,Townhouse in Manhattan Beach,Nightly Stays|Ocean Front|Manhattan Beach Strand,New,4 beds,"â‚¹1,37,196 per night"
https://www.airbnb.co.in/rooms/747008009398484858?category_tag=Tag%3A8535&check_in=2022-11-11&check_out=2022-11-12&previous_page_section_name=1000,Flat in Miami Beach,2 Bedroom OceanView Suite up to 6 guests!,New,3 beds,"â‚¹29,574 per night"
https://www.airbnb.co.in/rooms/715995608725318388?category_tag=Tag%3A8662&check_in=2022-11-11&check_out=2022-11-12&previous_page_section_name=1000,Place to stay in Clearwater,Storybook stay 10min. from Clearwater Beach,New,2 queen beds,"â‚¹15,111 per night"
https://www.airbnb.co.in/rooms/35741886?category_tag=Tag%3A8144&check_in=2022-11-11&check_out=2022-11-12&previous_page_section_name=1000,Cabin in Au Train,"Cozy lodge on AuTrain Lk! Snowmobile, parking!",New,7 beds,"â‚¹15,340 per night"
https://www.airbnb.co.in/rooms/744233339803133022?category_tag=Tag%3A8542&check_in=2022-11-11&check_out=2022-11-12&previous_page_section_name=1000,Private room in Renton,"Close to downtown, mins from airport,yard, parking",New,1 bed,"â‚¹4,851 per night"
https://www.airbnb.co.in/rooms/729041169513448896?category_tag=Tag%3A8662&check_in=2022-11-11&check_out=2022-11-12&previous_page_section_name=1000,Guest house in Eatonville,New Kern's Little Village by Ashford n Mt. Rainier,New,8 beds,"â‚¹28,866 per night"
https://www.airbnb.co.in/rooms/39043990?category_tag=Tag%3A5348&check_in=2022-11-11&check_out=2022-11-12&previous_page_section_name=1000,Cabin in Thompson,Camp Bluestone Book your family or group trip.,New,7 beds,"â‚¹95,002 per night"
https://www.airbnb.co.in/rooms/47884533?category_tag=Tag%3A5348&check_in=2022-11-11&check_out=2022-11-12&previous_page_section_name=1000,Cabin in Hulbert,The Luck Cabins,New,14 beds,"â‚¹38,804 per night"
https://www.airbnb.co.in/rooms/49561307?category_tag=Tag%3A5348&check_in=2022-11-11&check_out=2022-11-12&previous_page_section_name=1000,Cabin in Island Park,Aspen Ridge Cabin 2Bed+1Bath  20min to Yellowstone,New,4 beds,"â‚¹19,596 per night, originally â‚¹27,719"
https://www.airbnb.co.in/rooms/46451444?category_tag=Tag%3A5366&check_in=2022-11-11&check_out=2022-11-12&previous_page_section_name=1000,Apartment in Big Sky,Camp Tuâ€™Wani Ski-in/Ski-out Condo Retreat Big Sky,New,6 beds,"â‚¹16,487 per night, originally â‚¹22,011"
https://www.airbnb.co.in/rooms/45893285?category_tag=Tag%3A8186&check_in=2022-11-11&check_out=2022-11-12&previous_page_section_name=1000,Private room in Asheville,Shrimp Shack @ Baying Hound Campground,New,1 bed,"â‚¹2,931 per night, originally â‚¹4,069"
https://www.airbnb.co.in/rooms/18591366?category_tag=Tag%3A8186&check_in=2022-11-11&check_out=2022-11-12&previous_page_section_name=1000,Tiny home in Escalante,Escalante Escapes Fox Tail- Loft Escape,New,4 beds,"â‚¹25,150 per night"
https://www.airbnb.co.in/rooms/49032092?category_tag=Tag%3A8175&check_in=2022-11-11&check_out=2022-11-12&previous_page_section_name=1000,Farm stay in Spring Valley,Big Barn Mow Organic  Fishing Stream Biking,New,4 beds,"â‚¹4,922 per night"
https://www.airbnb.co.in/rooms/713682350594690733?category_tag=Tag%3A8662&check_in=2022-11-11&check_out=2022-11-12&previous_page_section_name=1000,Home in Twin Falls,Spacious & Stylish 3bed|2bath on Lincoln,New,6 beds,"â‚¹16,908 per night"
https://www.airbnb.co.in/rooms/581815429402227516?category_tag=Tag%3A7769&check_in=2022-11-11&check_out=2022-11-12&previous_page_section_name=1000,Townhouse in Atlantic City,"Winner's Only! - 85"" TV - Super Clean",New,5 beds,"â‚¹39,697 per night, originally â‚¹56,026"
https://www.airbnb.co.in/rooms/24026534?category_tag=Tag%3A789&check_in=2022-11-11&check_out=2022-11-12&previous_page_section_name=1000,Cottage in Tybee Island,"Beachy dog-friendly home, blocks to the restaurants, fishing pier & beach",New,4 beds,"â‚¹18,770 per night, originally â‚¹27,869"
https://www.airbnb.co.in/rooms/20063545?category_tag=Tag%3A5348&check_in=2022-11-11&check_out=2022-11-12&previous_page_section_name=1000,Cabin in Waco,Pet Friendly Cabin 4 - 15 minutes from Magnolia and Baylor,New,2 beds,"â‚¹11,144 per night, originally â‚¹34,841"
https://www.airbnb.co.in/rooms/747006837012915560?category_tag=Tag%3A677&check_in=2022-11-11&check_out=2022-11-12&previous_page_section_name=1000,Flat in Miami Beach,2 Bedroom OceanView Suite up to 6 guests! (19),4.92 (63),3 beds,"â‚¹29,574 per night"
https://www.airbnb.co.in/rooms/45414014?category_tag=Tag%3A5348&check_in=2022-11-11&check_out=2022-11-12&previous_page_section_name=1000,Cabin in Orford,Sunday Mountain Surprise,4.92 (63),1 queen bed,"â‚¹8,895 per night, originally â‚¹10,195"
https://www.airbnb.co.in/rooms/27220831?category_tag=Tag%3A8186&check_in=2022-11-11&check_out=2022-11-12&previous_page_section_name=1000,Cabin in Emigrant,Emigrant Cabins #5 - Affordable Tiny Cabin in MT,4.92 (63),2 queen beds,"â‚¹12,069 per night"
https://www.airbnb.co.in/rooms/39228395?category_tag=Tag%3A8522&check_in=2022-11-11&check_out=2022-11-12&previous_page_section_name=1000,Home in Eagle River,"Beautiful cabin w/ private dock, canoe, shared tennis/basketball - dogs OK",4.92 (63),4 beds,"â‚¹16,342 per night, originally â‚¹23,410"
https://www.airbnb.co.in/rooms/5347357?category_tag=Tag%3A7769&check_in=2022-11-11&check_out=2022-11-12&previous_page_section_name=1000,Apartment in Myrtle Beach,"New Modern, Direct Oceanfront, Boardwalk, Views!",4.92 (63),2 queen beds,"â‚¹6,625 per night, originally â‚¹11,784"
https://www.airbnb.co.in/rooms/29938259?category_tag=Tag%3A7765&check_in=2022-11-11&check_out=2022-11-12&previous_page_section_name=1000,Home in Roxbury,Meyorning Manor - near all wedding venues and ski,4.92 (63),3 beds,"â‚¹25,251 per night"
https://www.airbnb.co.in/rooms/46853712?category_tag=Tag%3A5348&check_in=2022-11-11&check_out=2022-11-12&previous_page_section_name=1000,Farm stay in Shongaloo,"""Bucking  Bull Bunkhouse"" on Bucking Bull Farm",4.92 (63),2 beds,"â‚¹9,734 per night"
https://www.airbnb.co.in/rooms/720307235809443198?category_tag=Tag%3A8662&check_in=2022-11-11&check_out=2022-11-12&previous_page_section_name=1000,Guest suite in Fletcher,Incredible luxury apartment 15 min to Asheville!,4.92 (63),4 beds,"â‚¹49,410 per night, originally â‚¹63,424"
https://www.airbnb.co.in/rooms/38167933?category_tag=Tag%3A789&check_in=2022-11-11&check_out=2022-11-12&previous_page_section_name=1000,Apartment in Fort Walton Beach,Inviting 4th-Floor Condo On Okaloosa Island! Gulf-Front Views! Shared pool!,4.92 (63),1 queen bed,"â‚¹9,369 per night, originally â‚¹22,774"
https://www.airbnb.co.in/rooms/48347282?category_tag=Tag%3A8186&check_in=2022-11-11&check_out=2022-11-12&previous_page_section_name=1000,Cabin in Allons,Lakeview Cabin 11 at Marina on Dale Hollow Lake,4.92 (63),1 bed,"â‚¹11,892 per night"
https://www.airbnb.co.in/rooms/710849503585113226?category_tag=Tag%3A8144&check_in=2022-11-11&check_out=2022-11-12&previous_page_section_name=1000,Private room in Omaha,"Private Room Loft, Workspace, and Bath",4.92 (63),1 bed,"â‚¹6,562 per night, originally â‚¹7,874"
https://www.airbnb.co.in/rooms/26060940?category_tag=Tag%3A5348&check_in=2022-11-11&check_out=2022-11-12&previous_page_section_name=1000,Chalet in Island Park,Single Cabin Unit #6,4.92 (63),2 queen beds,"â‚¹8,339 per night, originally â‚¹10,614"
https://www.airbnb.co.in/rooms/19450972?category_tag=Tag%3A8661&check_in=2022-11-11&check_out=2022-11-12&previous_page_section_name=1000,Loft in Nashville,Central DOWNTOWN Loft Where all the ACTION is! 204,4.92 (63),6 beds,"â‚¹60,554 per night, originally â‚¹1,07,738"
https://www.airbnb.co.in/rooms/53395702?category_tag=Tag%3A1073&check_in=2022-11-11&check_out=2022-11-12&previous_page_section_name=1000,Boat in Miami Beach,Fantasy Island Miami Yacht Hotel - South Beach,4.92 (63),3 beds,"â‚¹46,261 per night, originally â‚¹65,298"
https://www.airbnb.co.in/rooms/54392582?category_tag=Tag%3A677&check_in=2022-11-11&check_out=2022-11-12&previous_page_section_name=1000,Resort in Lake George,2BedroomSuite w/Kitchen/Pool/HotTub in Lake George,4.92 (63),3 queen beds,"â‚¹21,163 per night, originally â‚¹23,601"
https://www.airbnb.co.in/rooms/19532655?category_tag=Tag%3A8175&check_in=2022-11-11&check_out=2022-11-12&previous_page_section_name=1000,Private room in New Richmond,Private Attic Suite at SoulSpace Farm Sanctuary,4.92 (63),2 beds,"â‚¹13,464 per night"
https://www.airbnb.co.in/rooms/721751981894305193?category_tag=Tag%3A8662&check_in=2022-11-11&check_out=2022-11-12&previous_page_section_name=1000,Home in Galveston,"Renovated Victorian with covered porch, deck, grill, & WiFi - dog-friendly",4.92 (63),4 beds,"â‚¹12,424 per night"
https://www.airbnb.co.in/rooms/35987466?category_tag=Tag%3A8186&check_in=2022-11-11&check_out=2022-11-12&previous_page_section_name=1000,Guest house in Hillsborough,"The Store in Hobo, a reader/writerâ€™s retreat.",4.92 (63),2 beds,"â‚¹12,334 per night, originally â‚¹14,365"
https://www.airbnb.co.in/rooms/46714353?category_tag=Tag%3A8175&check_in=2022-11-11&check_out=2022-11-12&previous_page_section_name=1000,Private room in Spring City,Artists Cottage in Spring City Utah,4.92 (63),1 queen bed,"â‚¹5,098 per night"
https://www.airbnb.co.in/rooms/721084677447283955?category_tag=Tag%3A8662&check_in=2022-11-11&check_out=2022-11-12&previous_page_section_name=1000,Cabin in Big Bear,Bear Family Ranch - 5BR/3BA/Game Room/Pool Table/Jet Tub/WiFi,4.92 (63),11 beds,"â‚¹70,174 per night"
https://www.airbnb.co.in/rooms/46145970?category_tag=Tag%3A5348&check_in=2022-11-11&check_out=2022-11-12&previous_page_section_name=1000,Guest house in Sagle,"Waterfront Guest Suite w/Dock-Bottle Bay,Sandpoint",5.0 (7),2 beds,"â‚¹14,189 per night"
https://www.airbnb.co.in/rooms/750674599916561306?category_tag=Tag%3A7769&check_in=2022-11-11&check_out=2022-11-12&previous_page_section_name=1000,Apartment in Pensacola Beach,"Gulf-front condo with large balcony, gorgeous view, W/D, pool, & hot tub",5.0 (7),3 beds,"â‚¹18,578 per night"
https://www.airbnb.co.in/rooms/722632296148237080?category_tag=Tag%3A8662&check_in=2022-11-11&check_out=2022-11-12&previous_page_section_name=1000,Home in Flagstaff,Casita in the Forest ~ Gorgeous Views ~ Tiny House!,5.0 (7),1 queen bed,"â‚¹11,825 per night, originally â‚¹16,902"
https://www.airbnb.co.in/rooms/51365927?category_tag=Tag%3A8522&check_in=2022-11-11&check_out=2022-11-12&previous_page_section_name=1000,Cottage in Winthrop,Cozy Keyes Cottage- Rare Lakefront Getaway,5.0 (7),3 beds,"â‚¹51,623 per night"
https://www.airbnb.co.in/rooms/26457082?category_tag=Tag%3A5348&check_in=2022-11-11&check_out=2022-11-12&previous_page_section_name=1000,Cabin in Clatskanie,"Cabin B @ Fishing lodge.
At RV outdoor adventures.",5.0 (7),3 beds,"â‚¹11,032 per night"
https://www.airbnb.co.in/rooms/747105763817735809?category_tag=Tag%3A8535&check_in=2022-11-11&check_out=2022-11-12&previous_page_section_name=1000,Flat in Miami Beach,Sleek Condo w Beach Access Bay View,5.0 (7),1 queen bed,"â‚¹33,490 per night"
https://www.airbnb.co.in/rooms/673488212811302776?category_tag=Tag%3A8102&check_in=2022-11-11&check_out=2022-11-12&previous_page_section_name=1000,Cabin in Ahwahnee,Koffiehuis - Fun for all Ages Near Yosemite,5.0 (7),5 beds,"â‚¹28,142 per night"
https://www.airbnb.co.in/rooms/664500707961517867?category_tag=Tag%3A8522&check_in=2022-11-11&check_out=2022-11-12&previous_page_section_name=1000,Cottage in Windham,"Cozy Lake house with 
Outdoor fire and sandy lake",5.0 (7),3 beds,"â‚¹29,533 per night"
https://www.airbnb.co.in/rooms/34790688?category_tag=Tag%3A8186&check_in=2022-11-11&check_out=2022-11-12&previous_page_section_name=1000,Tiny home in Moab,Edge of the Desert # 6,5.0 (7),3 beds,"â‚¹12,625 per night, originally â‚¹14,250"
https://www.airbnb.co.in/rooms/43799687?category_tag=Tag%3A634&check_in=2022-11-11&check_out=2022-11-12&previous_page_section_name=1000,Campervan/Motorhome in Shelbyville,The Electric-only RV Site at Crossing Creeks Farm,5.0 (7),1 bed,"â‚¹3,709 per night"
https://www.airbnb.co.in/rooms/27906931?category_tag=Tag%3A5348&check_in=2022-11-11&check_out=2022-11-12&previous_page_section_name=1000,Cabin in Saint Croix Falls,"Who knew ""Up North"" could be so close to home!",5.0 (7),3 beds,"â‚¹28,302 per night"
https://www.airbnb.co.in/rooms/734416320583888971?category_tag=Tag%3A677&check_in=2022-11-11&check_out=2022-11-12&previous_page_section_name=1000,Flat in Detroit,Modern 2B HighRise near Downtown QueenBed Pool Gym,5.0 (7),2 queen beds,"â‚¹9,609 per night"
https://www.airbnb.co.in/rooms/569893601918396461?category_tag=Tag%3A8661&check_in=2022-11-11&check_out=2022-11-12&previous_page_section_name=1000,Cabin in Pigeon Forge,â˜…Luxury RETREAT in TOWN!!â˜…HOT TUBâ˜…TWO Game Rooms!â˜…,5.0 (7),5 beds,"â‚¹32,247 per night, originally â‚¹63,321"
https://www.airbnb.co.in/rooms/13668642?category_tag=Tag%3A8186&check_in=2022-11-11&check_out=2022-11-12&previous_page_section_name=1000,Cabin in Ochopee,Rustic Swamp Cabin in the Everglades,5.0 (7),1 bed,"â‚¹11,933 per night"
https://www.airbnb.co.in/rooms/47512537?category_tag=Tag%3A8526&check_in=2022-11-11&check_out=2022-11-12&previous_page_section_name=1000,Flat in Myrtle Beach,"9th Floor Oceanfront Snowbird Friendly Studio w/ Shared Pool/Hot Tub, WiFi, AC!",5.0 (7),3 beds,"â‚¹8,391 per night, originally â‚¹14,402"
https://www.airbnb.co.in/rooms/730284633316105336?category_tag=Tag%3A8662&check_in=2022-11-11&check_out=2022-11-12&previous_page_section_name=1000,Private room in Phoenix,Desert Diamond/Epic Arizona Views,5.0 (7),1 queen bed,"â‚¹7,412 per night, originally â‚¹9,971"
https://www.airbnb.co.in/rooms/43627188?category_tag=Tag%3A5348&check_in=2022-11-11&check_out=2022-11-12&previous_page_section_name=1000,Cabin in Big Bear City,A-Frame Of Mind - Adorable Woodsy A-frame Cabin with WiFi and Smart TV,5.0 (7),1 king bed,"â‚¹24,556 per night, originally â‚¹27,562"
https://www.airbnb.co.in/rooms/739929367872551505?category_tag=Tag%3A8662&check_in=2022-11-11&check_out=2022-11-12&previous_page_section_name=1000,Campsite in Logan,Creekside Glamping Cabin,5.0 (7),1 bed,"â‚¹12,988 per night"
https://www.airbnb.co.in/rooms/49423685?category_tag=Tag%3A5348&check_in=2022-11-11&check_out=2022-11-12&previous_page_section_name=1000,Farm stay in Fayetteville,Saddle Creek Cabin 2,5.0 (7),5 beds,"â‚¹46,261 per night"
https://www.airbnb.co.in/rooms/43627188?category_tag=Tag%3A5348&check_in=2022-11-11&check_out=2022-11-12&previous_page_section_name=1000,Cabin in Big Bear City,A-Frame Of Mind - Adorable Woodsy A-frame Cabin with WiFi and Smart TV,New,1 king bed,"â‚¹24,556 per night, originally â‚¹27,562"
https://www.airbnb.co.in/rooms/739929367872551505?category_tag=Tag%3A8662&check_in=2022-11-11&check_out=2022-11-12&previous_page_section_name=1000,Campsite in Logan,Creekside Glamping Cabin,New,1 bed,"â‚¹12,988 per night"
https://www.airbnb.co.in/rooms/49423685?category_tag=Tag%3A5348&check_in=2022-11-11&check_out=2022-11-12&previous_page_section_name=1000,Farm stay in Fayetteville,Saddle Creek Cabin 2,New,5 beds,"â‚¹46,261 per night"
https://www.airbnb.co.in/rooms/22330589?category_tag=Tag%3A5348&check_in=2022-11-11&check_out=2022-11-12&previous_page_section_name=1000,Cabin in Sugarloaf,MOUNTAIN DREAM LODGE,New,4 beds,"â‚¹12,357 per night"
https://www.airbnb.co.in/rooms/43077286?category_tag=Tag%3A8102&check_in=2022-11-11&check_out=2022-11-12&previous_page_section_name=1000,Home in McGaheysville,"Massanutten Home ""One with Nature""",New,6 beds,"â‚¹23,741 per night, originally â‚¹29,266"
https://www.airbnb.co.in/rooms/41614495?category_tag=Tag%3A8186&check_in=2022-11-11&check_out=2022-11-12&previous_page_section_name=1000,Private room in Tiger,Tweety Bird camper pet is  friendly,New,1 queen bed,"â‚¹9,752 per night"
https://www.airbnb.co.in/rooms/22518306?category_tag=Tag%3A8102&check_in=2022-11-11&check_out=2022-11-12&previous_page_section_name=1000,Cabin in Bigfork,â€œGeeâ€ side of Base Camp Bigfork Lodge,New,1 queen bed,"â‚¹13,552 per night"
https://www.airbnb.co.in/rooms/20844030?category_tag=Tag%3A8102&check_in=2022-11-11&check_out=2022-11-12&previous_page_section_name=1000,Home in West Glacier,Snowmoon Ranch,New,6 beds,"â‚¹1,59,886 per night, originally â‚¹1,84,177"
https://www.airbnb.co.in/rooms/32665898?category_tag=Tag%3A8186&check_in=2022-11-11&check_out=2022-11-12&previous_page_section_name=1000,Tiny home in Escalante,Escalante Escapes Prickly Pear- Bunk Escape,New,4 beds,"â‚¹25,150 per night"
https://www.airbnb.co.in/rooms/16259067?category_tag=Tag%3A8662&check_in=2022-11-11&check_out=2022-11-12&previous_page_section_name=1000,Guest house in fullerton,Adorable Guest House with Pool,New,2 beds,"â‚¹24,324 per night"
https://www.airbnb.co.in/rooms/39916303?category_tag=Tag%3A8186&check_in=2022-11-11&check_out=2022-11-12&previous_page_section_name=1000,Cottage in Pasadena,Rustic Oaks - Bed and Breakfast Getaway,New,1 queen bed,"â‚¹12,592 per night"
https://www.airbnb.co.in/rooms/648498447013823144?category_tag=Tag%3A8522&check_in=2022-11-11&check_out=2022-11-12&previous_page_section_name=1000,Private room in Lake Jackson,Cheerful two bedroom home with a breathtaking view,New,2 beds,"â‚¹53,307 per night"
https://www.airbnb.co.in/rooms/49010473?category_tag=Tag%3A5348&check_in=2022-11-11&check_out=2022-11-12&previous_page_section_name=1000,Cabin in Sealy,Cabin at Travellerâ€™s Rest,New,2 beds,"â‚¹15,053 per night"
https://www.airbnb.co.in/rooms/17076937?category_tag=Tag%3A7769&check_in=2022-11-11&check_out=2022-11-12&previous_page_section_name=1000,Apartment in Galveston,"Oceanfront Condo with Gorgeous Views, Shared Pool, and Hot Tub - Dogs OK",New,4 beds,"â‚¹13,809 per night, originally â‚¹27,944"
https://www.airbnb.co.in/rooms/27789041?category_tag=Tag%3A8657&check_in=2022-11-11&check_out=2022-11-12&previous_page_section_name=1000,Flat in Breckenridge,Perfect Romantic Getaway with Private Hot Tub,New,1 king bed,"â‚¹31,048 per night"
https://www.airbnb.co.in/rooms/37651426?category_tag=Tag%3A8186&check_in=2022-11-11&check_out=2022-11-12&previous_page_section_name=1000,Tiny home in New Bern,Private Cottage 194,New,1 queen bed,"â‚¹11,125 per night"
https://www.airbnb.co.in/rooms/30280539?category_tag=Tag%3A7765&check_in=2022-11-11&check_out=2022-11-12&previous_page_section_name=1000,Home in Wintergreen Resort,Camp Hoopla! Hike to Shamokin Falls from the house,New,6 beds,"â‚¹25,184 per night"
https://www.airbnb.co.in/rooms/23238007?category_tag=Tag%3A8159&check_in=2022-11-11&check_out=2022-11-12&previous_page_section_name=1000,Private room in Sebring,Ranchero Log Cabin Surrounded by 40 Acre Farmland,New,3 beds,"â‚¹30,107 per night"
https://www.airbnb.co.in/rooms/48107097?category_tag=Tag%3A7765&check_in=2022-11-11&check_out=2022-11-12&previous_page_section_name=1000,Home in Truckee,Super Cozy Ski Lodge with Year Round Amenities,New,6 beds,"â‚¹58,802 per night"
https://www.airbnb.co.in/rooms/32892745?category_tag=Tag%3A5348&check_in=2022-11-11&check_out=2022-11-12&previous_page_section_name=1000,Hotel room in Tahoe Vista,Duplex One Bedroom Cottage at Cedar Glen Lodge,New,2 beds,"â‚¹28,647 per night"
